{
    "Sword": {
        "ModelPath": "Weapon/Sword.gltf",
        "Offset": {
            "x": 0.550000011920929,
            "y": 0.3499999940395355,
            "z": 0.0
        }
    }
}